rank,raw_feature,display_feature,gain,split,gain_fraction
1,num__cpi,cpi,972728.116212368,3369,0.7212444387982572
2,num__true_progress,true_progress,241960.88003873825,2315,0.1794056697098413
3,num__planned_budget,planned_budget,57766.23555421829,2661,0.042831676651869315
4,num__planned_duration_weeks,planned_duration_weeks,35747.39564561844,1556,0.026505464251733852
5,num__spi,spi,14935.41955780983,927,0.011074099861669138
6,cat__methodology_waterfall,methodology = waterfall,5481.019531488419,198,0.004063987449466907
7,cat__methodology_agile,methodology = agile,4638.637714624405,224,0.003439390308054273
8,cat__project_type_marketing,project_type = marketing,2937.5310459136963,106,0.0021780782269481837
9,cat__methodology_hybrid,methodology = hybrid,2331.81228351593,117,0.0017289585998151143
10,cat__project_type_construction,project_type = construction,1909.7397818565369,79,0.001416006358055255
11,cat__project_type_it,project_type = it,1880.5853426456451,101,0.0013943893442189379
12,cat__methodology_kanban,methodology = kanban,1757.5356576442719,84,0.0013031522353866257
13,cat__methodology_scrum,methodology = scrum,1516.9161567687988,91,0.001124741152186314
14,cat__project_type_r&d,project_type = r&d,1241.8824603557587,73,0.0009208131267556954
15,cat__project_type_manufacturing,project_type = manufacturing,1065.4349217414856,58,0.0007899833462197732
16,cat__project_type_healthcare,project_type = healthcare,781.0889372825623,41,0.0005791505795221567
