rank,feature,gain,split,gain_fraction
1,num__planned_budget,340680.51137828827,5660,0.4118226331133964
2,num__planned_duration_weeks,316467.5603132248,2707,0.38255344708711364
3,num__cpi,58186.39981842041,1416,0.07033709174518366
4,num__spi,27029.43284511566,524,0.03267381559574194
5,cat__methodology_agile,24125.040474891663,318,0.02916291763254153
6,cat__methodology_waterfall,11541.957200050354,239,0.013952189945285456
7,cat__project_type_manufacturing,8186.492154121399,175,0.009896024698427451
8,cat__project_type_healthcare,6779.835429191589,185,0.008195624889810224
9,cat__methodology_hybrid,6587.176662445068,109,0.007962734430966711
10,cat__project_type_it,6561.130033493042,153,0.007931248651884854
11,cat__methodology_scrum,4607.572763442993,106,0.0055697425720830085
12,num__true_progress,3759.3701887130737,134,0.004544415304827123
13,cat__methodology_kanban,3565.7994050979614,86,0.004310422378493622
14,cat__project_type_construction,3401.5271854400635,68,0.004111846246935047
15,cat__project_type_marketing,3043.3899641036987,82,0.0036789215313123014
16,cat__project_type_r&d,2727.3824310302734,38,0.0032969241759970114
